[
  {
    "Name_FR": "Ossatueur d'Alola",
    "Name_EN": "Alolan Marowak",
    "Sprite_Normal": "https://img.pokemondb.net/sprites/home/normal/marowak-alolan.png",
    "Sprite_Shiny": "https://img.pokemondb.net/sprites/home/shiny/marowak-alolan.png",
    "isLock": false,
    "enabled": true,
    "Type1": "ghost",
    "Type2": "fairy"
  },
  {
    "Name_FR": "Pikachu Surfeur",
    "Name_EN": "Surfer Pikachu",
    "Sprite_Normal": "https://i.ibb.co/8dfjn4V/surf-0.png",
    "Sprite_Shiny": "https://i.ibb.co/Y7L6mPK/surf-1.png",
    "isLock": false,
    "enabled": true,
    "Type1": "electric",
    "Type2": "water"
  },
  {
    "Name_FR": "Fantôme mère d'Osselait",
    "Name_EN": "Cubone mom ghost",
    "Sprite_Normal": "https://i.ibb.co/CvwFb7k/Cubone-Mom-normal.png",
    "Sprite_Shiny": "https://i.ibb.co/bK10HpL/Cubone-Mom-shiny.png",
    "isLock": false,
    "enabled": true,
    "Type1": "electric",
    "Type2": "water"
  },
  {
    "Name_FR": "Onyx de crystal",
    "Name_EN": "Crystal Onyx",
    "Sprite_Normal": "https://i.ibb.co/VpnjJkg/Onix-cystal-normal.gif",
    "Sprite_Shiny": "https://i.ibb.co/zRz2Q2d/Onix-cystal-shiny.gif",
    "isLock": false,
    "enabled": true,
    "Type1": "rock",
    "Type2": "ice"
  },
  {
    "Name_FR": "Munja bonbon Violette",
    "Name_EN": "Shedinja Violet Candy",
    "Sprite_Normal": "https://i.ibb.co/HHXtvFL/shedinja.gif",
    "Sprite_Shiny": "https://i.ibb.co/yFdh3Sh/shedinja.gif",
    "isLock": false,
    "enabled": true,
    "Type1": "ghost",
    "Type2": "fairy"
  },
  {
    "Name_FR": "Chenipan de guimauve",
    "Name_EN": "Marshmallow Caterpie",
    "Sprite_Normal": "https://raw.githubusercontent.com/MythMega/PkServData/refs/heads/master/img/sprite/poke/custom/marshmallow/marshmallow_caterpie_normal.gif",
    "Sprite_Shiny": "https://raw.githubusercontent.com/MythMega/PkServData/refs/heads/master/img/sprite/poke/custom/marshmallow/marshmallow_caterpie_shiny.gif",
    "isLock": true,
    "enabled": true,
    "Type1": "bug",
    "Type2": "fairy"
  },
  {
    "Name_FR": "Évoli de guimauve",
    "Name_EN": "Marshmallow Eevee",
    "Sprite_Normal": "https://raw.githubusercontent.com/MythMega/PkServData/refs/heads/master/img/sprite/poke/custom/marshmallow/marshmallow_eevee_normal.gif",
    "Sprite_Shiny": "https://raw.githubusercontent.com/MythMega/PkServData/refs/heads/master/img/sprite/poke/custom/marshmallow/marshmallow_eevee_shiny.gif",
    "isLock": true,
    "enabled": true,
    "Type1": "normal",
    "Type2": "fairy"
  },
  {
    "Name_FR": "Canarticho de guimauve",
    "Name_EN": "Marshmallow Farfetch'd",
    "Sprite_Normal": "https://raw.githubusercontent.com/MythMega/PkServData/refs/heads/master/img/sprite/poke/custom/marshmallow/marshmallow_farfetchd_normal.gif",
    "Sprite_Shiny": "https://raw.githubusercontent.com/MythMega/PkServData/refs/heads/master/img/sprite/poke/custom/marshmallow/marshmallow_farfetchd_shiny.gif",
    "isLock": true,
    "enabled": true,
    "Type1": "flying",
    "Type2": "fairy"
  },
  {
    "Name_FR": "Machoc de guimauve",
    "Name_EN": "Marshmallow Machop",
    "Sprite_Normal": "https://raw.githubusercontent.com/MythMega/PkServData/refs/heads/master/img/sprite/poke/custom/marshmallow/marshmallow_machop_normal.gif",
    "Sprite_Shiny": "https://raw.githubusercontent.com/MythMega/PkServData/refs/heads/master/img/sprite/poke/custom/marshmallow/marshmallow_machop_shiny.gif",
    "isLock": true,
    "enabled": true,
    "Type1": "fighting",
    "Type2": "fairy"
  },
  {
    "Name_FR": "Pikachu de guimauve",
    "Name_EN": "Marshmallow Pikachu",
    "Sprite_Normal": "https://raw.githubusercontent.com/MythMega/PkServData/refs/heads/master/img/sprite/poke/custom/marshmallow/marshmallow_pikachu_normal.gif",
    "Sprite_Shiny": "https://raw.githubusercontent.com/MythMega/PkServData/refs/heads/master/img/sprite/poke/custom/marshmallow/marshmallow_pikachu_shiny.gif",
    "isLock": true,
    "enabled": true,
    "Type1": "electric",
    "Type2": "fairy"
  },
  {
    "Name_FR": "Magicarpe de guimauve",
    "Name_EN": "Marshmallow Magikarp",
    "Sprite_Normal": "https://raw.githubusercontent.com/MythMega/PkServData/refs/heads/master/img/sprite/poke/custom/marshmallow/marshmallow_magikarp_normal.gif",
    "Sprite_Shiny": "https://raw.githubusercontent.com/MythMega/PkServData/refs/heads/master/img/sprite/poke/custom/marshmallow/marshmallow_magikarp_shiny.gif",
    "isLock": true,
    "enabled": true,
    "Type1": "water",
    "Type2": "fairy"
  },
  {
    "Name_FR": "Miaouss de guimauve",
    "Name_EN": "Marshmallow Meotwh",
    "Sprite_Normal": "https://raw.githubusercontent.com/MythMega/PkServData/refs/heads/master/img/sprite/poke/custom/marshmallow/marshmallow_meotwh_normal.gif",
    "Sprite_Shiny": "https://raw.githubusercontent.com/MythMega/PkServData/refs/heads/master/img/sprite/poke/custom/marshmallow/marshmallow_meotwh_shiny.gif",
    "isLock": true,
    "enabled": true,
    "Type1": "steel",
    "Type2": "fairy"
  },
  {
    "Name_FR": "Ramoloss de guimauve",
    "Name_EN": "Marshmallow Slowpoke",
    "Sprite_Normal": "https://raw.githubusercontent.com/MythMega/PkServData/refs/heads/master/img/sprite/poke/custom/marshmallow/marshmallow_slowpoke_normal.gif",
    "Sprite_Shiny": "https://raw.githubusercontent.com/MythMega/PkServData/refs/heads/master/img/sprite/poke/custom/marshmallow/marshmallow_slowpoke_shiny.gif",
    "isLock": true,
    "enabled": true,
    "Type1": "ghost",
    "Type2": "fairy"
  },
  {
    "Name_FR": "Psykokwak de guimauve",
    "Name_EN": "Marshmallow Psyduck",
    "Sprite_Normal": "https://raw.githubusercontent.com/MythMega/PkServData/refs/heads/master/img/sprite/poke/custom/marshmallow/marshmallow_psyduck_normal.gif",
    "Sprite_Shiny": "https://raw.githubusercontent.com/MythMega/PkServData/refs/heads/master/img/sprite/poke/custom/marshmallow/marshmallow_psyduck_shiny.gif",
    "isLock": true,
    "enabled": true,
    "Type1": "psychic",
    "Type2": "fairy"
  },
  {
    "Name_FR": "Caninos de guimauve",
    "Name_EN": "Marshmallow Growlithe",
    "Sprite_Normal": "https://raw.githubusercontent.com/MythMega/PkServData/refs/heads/master/img/sprite/poke/custom/marshmallow/marshmallow_growlithe_normal.gif",
    "Sprite_Shiny": "https://raw.githubusercontent.com/MythMega/PkServData/refs/heads/master/img/sprite/poke/custom/marshmallow/marshmallow_growlithe_shiny.gif",
    "isLock": true,
    "enabled": true,
    "Type1": "fire",
    "Type2": "fairy"
  },
  {
    "Name_FR": "Mystherbe de guimauve",
    "Name_EN": "Marshmallow Oddish",
    "Sprite_Normal": "https://raw.githubusercontent.com/MythMega/PkServData/refs/heads/master/img/sprite/poke/custom/marshmallow/marshmallow_oddish_normal.gif",
    "Sprite_Shiny": "https://raw.githubusercontent.com/MythMega/PkServData/refs/heads/master/img/sprite/poke/custom/marshmallow/marshmallow_oddish_shiny.gif",
    "isLock": true,
    "enabled": true,
    "Type1": "grass",
    "Type2": "fairy"
  },
  {
    "Name_FR": "Tentacool de guimauve",
    "Name_EN": "Marshmallow Tentacool",
    "Sprite_Normal": "https://raw.githubusercontent.com/MythMega/PkServData/refs/heads/master/img/sprite/poke/custom/marshmallow/marshmallow_tentacool_normal.gif",
    "Sprite_Shiny": "https://raw.githubusercontent.com/MythMega/PkServData/refs/heads/master/img/sprite/poke/custom/marshmallow/marshmallow_tentacool_shiny.gif",
    "isLock": true,
    "enabled": true,
    "Type1": "poison",
    "Type2": "fairy"
  },
  {
    "Name_FR": "Carpe-et-Dième",
    "Name_EN": "Magicarpe-Mélofée",
    "Sprite_Normal": "https://i.ibb.co/8xx3RyP/Carpe-et-di-me.gif",
    "Sprite_Shiny": "https://i.ibb.co/KqZpWd5/Carpe-et-di-me-normal.gif",
    "isLock": true,
    "enabled": true,
    "Type1": "water",
    "Type2": "fairy"
  }
]