[
  {
    "Data": {
      "dataFilePath": "./database.sqlite"
    },
    "Pseudo": "_history",
    "Platform": "system",
    "Code_user": null,
    "Stats": {
      "dexCount": 55,
      "shinydex": 48,
      "ballLaunched": 0,
      "moneySpent": 0,
      "pokeCaught": 66,
      "normalCaught": 14,
      "shinyCaught": 52,
      "favoritePoke": "Cadoizo",
      "firstCatch": "2024-11-06T19:44:14.349387",
      "catchratePercentage": -2147483648,
      "personalshinyRate": 1,
      "giveawayNormal": 13,
      "giveawayShiny": 51,
      "badges": null,
      "scrappedShiny": 0,
      "scrappedNormal": 0,
      "level": 0,
      "totalXP": 0,
      "currentXP": 0,
      "achievementCount": 0,
      "currentAchievementCount": 0,
      "LengendariesRegistered": 0,
      "CustomRegistered": 0,
      "CustomMoney": 0
    }
  }
]