{
  "ServerPort": 5052,
  "AutoSignInGiveAway": true,
  "KeepUserInGiveAwayAfterShutdown": true,
  "MustAutoFullExport": true,
  "Namespace": "Global",
  "DelayBeforeFullWebUpdate": 5,
  "LanguageCode": "fr",
  "GitHubTokenUpload": "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",
  "Log": {
    "logConsole": {
      "console": true,
      "logJsonOnConsole": true
    },
    "logFile": false
  },
  "Texts": {
    "serverStarted": "Le serveur a démarré.",
    "serverStopped": "Le serveur s'est arrêté.",
    "serverReloaded": "Les données du serveur ont été rechargées.",
    "error": "Une erreur s'est produite. Checkez la console pour + d'info'",
    "dexName": "Pokédex",
    "err_request": "Erreur lors de l'envoi de la requête : ",
    "err_creationCodeUser": "Erreur de création du code user : ",
    "msg_selectUserFirst": "Selectionnez un utilisateur d'abord.",
    "msg_confirmation": "Confirmation",
    "warn_userdontexist": "Cet utilisateur n'existe pas dans la base de données, vérifiez vos données avant de 'forcer' l'envoi d'une pokéball avec cette utilisateur. Continuer ?",
    "warn_heavyAction": "Cette action peut être lourde et endommager la base de données, s'il vous plait sauvegarder tous fichier de base de données'",
    "warn_slowRequest": "Attention, cette action peut causer des problèmes lorsqu'une autre requête du serveur est faite en même temps, ne spammez pas cette option. Continuer ?",
    "info_giveawayValidate": "Tu fais bien partie du giveaway.",
    "noCreatureRegistered": "Tu ne possède pas de poké.",
    "CreatureNotRegistered": "Tu ne possède pas ce poké.",
    "noCreatureWithThatName": "Il n'existe aucun poké avec ce nom.",
    "pokeStatsInfos": "Tu possède [COUNT_NORMAL] normal, et [COUNT_SHINY] shinies, tu as capturé le premier il y a jours ([TIME_SINCE_FIRST_CAPTURE]), et le dernier il y a jours ([TIME_SINCE_LAST_CAPTURE]).",
    "emotes": {
      "shiny": "✨",
      "ball": "㋡",
      "money": "$",
      "dex": "📘",
      "success": "✅",
      "failure": "❌",
      "trophy": ""
    },
    "TranslationScrapping": {
      "NotEnoughElementCopy": "Pas assez de cet element pour le scrapper",
      "ElementNotRegistered": "Element non enregistré",
      "ScrapModeDoesNotExist": "Le mode de scrap n'est pas reconnu",
      "ScrapModeNotGiven": "Le mode de scrap doit être donné (normal/shiny/fullnormal/fullshiny/complete/fulldex)"
    },
    "TranslationBuying": {
      "ElementNonBuyable": "Élement non achetable",
      "ElementTooExpensive": "Element trop cher pour vos moyens",
      "ElementDoesNotExist": "Cet element n'existe pas",
      "BuyingModeNotRecognized": "Ce mode d'achat n'a pas été reconnu (shiny/normal)"
    },
    "TranslationTrading": {
      "tradeRequestCreated": "Échange demandé. [USER], qui donne [CREATURE_SENT] en échange de [CREATURE_REQUESTED]. Prix : [PRICE]. Si intéressé : [COMMAND-TRADE-ACCEPT] [CODE]. Pour annuler : [COMMAND-TRADE-CANCEL].",
      "elementNotInPossession": "Vous ne pouvez pas échanger quelque chose que vous n'avez pas.",
      "tooExpensive": "Échange trop cher. Il coute [PRICE], mais vous n'avez que [CURRENT_MONEY]",
      "creatureNotFound": "Pokémon [CREATURE] non trouvé dans la liste des Pokémons.",
      "cancelled": "Échange annulé.",
      "cannotCancelNotOwner": "Tu n'es pas le créateur du trade et ne peut donc pas l'annuler !",
      "codeInvalidOrExpired": "Le code de trade est invalide ou expiré.",
      "cannotTradeShiny": "Vous ne pouvez pas trade un élément shiny.",
      "cannotTradeLocked": "Vous ne pouvez pas trade un élément indisponible a la capture.",
      "cannotTradeLegendaries": "Vous ne pouvez pas trade un élément légendaire.",
      "cannotTradeShinyAndNormal": "Vous ne pouvez pas trade un élément shiny contre un élément normal.",
      "cannotTradeClassicAndCustom": "Vous ne pouvez pas trade un élément classique contre un élément custom.",
      "cannotTradeFromDifferentSeries": "Vous ne pouvez pas trade deux éléments de différente série ([SERIE_CREATURE_A] / [SERIE_CREATURE_B])",
      "atLeastOneTradeInitialized": "Vous ne pouvez avoir qu'un trade en cours. Annulez ou complétez le précédent pour en refaire un autre."
    },
    "TranslationRaid": {
      "NoActiveRaid": "Aucun raid actif.",
      "DamageDone": "UNSET.",
      "CaptureState": "UNSET.",
      "RaidAlreadyGone": "Le raid est déjà terminé.",
      "BossDeafeatedUseCmdToCatchIt": "Boss Vaincu ! Capturez le avec la commande."
    },
    "TranslationEvolving": {
      "CreatureNotFound": "La créature spécifiée n'a pas été trouvée.",
      "EvolutionNotFound": "Aucune évolution trouvée / activée pour la créature spécifiée.",
      "CannotEvolveIfShiny": "Il n'est pas autorisé de trade en shiny.",
      "CannotEvolveIfEvolutionLocked": "La créature évoluée n'est pas disponible a l'évolution.",
      "CannotEvolveIfEvolutionShinyLocked": "La créature spécifiée ne peut pas évoluer en shiny.",
      "CreatureBaseNotOwned": "Vous ne possédez pas la créature que vous souhaitez évoluer.",
      "NotEnoughCreatureToEvolve": "Vous ne possédez pas assez de la créature pour l'évoluer.",
      "EvolutionSucceed": "Évolué avec succés. Vous avez fusionné [COUNT] [CREATURE_BASE] pour faire 1 [CREATURE_EVOLVED]."
    },
    "TranslationGiveaway": {
      "AlreadyClaimed": "Vous avez déjà réclamé votre prix.",
      "CodeDoesNotExist": "Le code n'existe pas.",
      "CodeExpired": "Le code a expiré.",
      "CodeNotYetAvailable": "Le code n'est pas encore disponible."
    },
    "type": {
      "fire": "feu",
      "water": "eau",
      "grass": "plante",
      "electric": "elektrik",
      "ground": "sol",
      "rock": "roche",
      "flying": "vol",
      "poison": "poison",
      "psychic": "psy",
      "ghost": "spectre",
      "ice": "glace",
      "dragon": "dragon",
      "dark": "ténèbre",
      "steel": "acier",
      "fairy": "fée",
      "fighting": "combat",
      "Stellar": "stellaire",
      "normal": "normal"
    }
  },
  "OverlaySettings": {
    "GlobalTotalCaughtGoal": {
      "Enabled": true,
      "GoalValue": 10000
    },
    "GlobalShinyCaughtGoal": {
      "Enabled": true,
      "GoalValue": 3500
    },
    "SessionTotalCaughtGoal": {
      "Enabled": true,
      "GoalValue": 100
    },
    "SessionShinyCaughtGoal": {
      "Enabled": true,
      "GoalValue": 20
    },
    "SessionParticipantsGoal": {
      "Enabled": true,
      "GoalValue": 10
    },
    "SessionMoneySpentGoal": {
      "Enabled": true,
      "GoalValue": 5000
    },
    "GlobalMoneySpentGoal": {
      "Enabled": true,
      "GoalValue": 5000000
    }
  },
  "BadgeSettings": {
    "XPRequiredToLevelUp": 250,
    "LevelUpXPRequiredMultiplierPercent": 25,
    "XPCatch": 1,
    "XPShinyCatch": 5,
    "XPBallLaunched": 1,
    "PerDayReward": 2
  },
  "ScrapSettings": {
    "ValueDefaultNormal": 2,
    "ValueDefaultShiny": 10,
    "minimumToScrap": 2,
    "legendaryMultiplier": 20
  },
  "MessageSettings": {
    "showShinyOnFail": false,
    "showDexCompletion": true
  },
  "ScheduledTasks": [
  ],
  "CommandSettings": {
    "CmdScrap": "!scrap",
    "CmdBuy": "!buy",
    "CmdTradeRequest": "!trade",
    "CmdTradeAccept": "!trade-accept",
    "CmdTradeCancel": "!trade-cancel"
  },
  "TradeSettings": {
    "PaidTrade": true,
    "Prices": {
      "BasePrice": 5,
      "PerShinyIncreasement": 10,
      "PerRarityIncreasement": 0,
      "PerCustomIncreasement": 0,
      "PerLegendaryIncreasement": 25
    },
    "TradeConditions": {
      "EnableShinyInTrade": true,
      "EnableLockedPokemonInTrade": true,
      "EnableLegendariesInTrade": true,
      "EnableShinyAgainstNormal": true,
      "EnableTradeBetweenClassicAndCustom": true,
      "EnableTradeBetweenDifferentSeries": true
    }
  },
  "RaidSettings": {
    "DefaultPV": 10000,
    "DefaultCatchRate": 70,
    "DefaultShinyRate": 33,
    "TimeMinuteToCatchAfterDefeat": 15
  },
  "EvolveSettings": {
    "RequiredCreatureToEvolve": 10,
    "AllowShiny": true,
    "AllowEvolutionLocked": true,
    "AllowEvolutionShinyLocked": false
  }
}