[
  {
    "Data": {
      "dataFilePath": "./database.sqlite"
    },
    "Pseudo": "_history",
    "Platform": "system",
    "Code_user": null,
    "AvatarUrl": null,
    "Stats": {
      "dexCount": 0,
      "shinydex": 0,
      "ballLaunched": 0,
      "moneySpent": 0,
      "pokeCaught": 0,
      "normalCaught": 0,
      "shinyCaught": 0,
      "favoritePoke": "N/A",
      "firstCatch": "2025-03-14T20:24:35.8136219+01:00",
      "catchratePercentage": -2147483648,
      "personalshinyRate": -2147483648,
      "giveawayNormal": 0,
      "giveawayShiny": 0,
      "badges": null,
      "scrappedShiny": 0,
      "scrappedNormal": 0,
      "level": 0,
      "MaxXPLevel": 0,
      "totalXP": 0,
      "currentXP": 0,
      "achievementCount": 0,
      "currentAchievementCount": 0,
      "LengendariesRegistered": 0,
      "CustomRegistered": 0,
      "CustomMoney": 0,
      "TradeCount": 0,
      "RaidCount": 0,
      "RaidTotalDmg": 0
    }
  }
]