[
    {
    "Name_FR": "Fauxpoké",
    "Name_EN": "Fauxpoké",
    "Type1": "psychic",
    "Type2": "normal",
    "isShinyLock": true,
    "isLock": false,
    "enabled": false,
    "Sprite_Normal": "https://img.pokemondb.net/sprites/x-y/normal/venusaur-mega.png",
    "Sprite_Shiny": "https://img.pokemondb.net/sprites/x-y/shiny/venusaur-mega.png",
    "EvolveFrom": "Florizarre",
    "isLegendary": true,
    "valueNormal": 500,
    "valueShiny": 1500,
    "priceNormal": 500,
    "priceShiny": 1500, 
    "Serie": "nocturne"
    
  }

]