[
  {
    "name": "Pokéball",
    "description": "Utilise cette commande pour lancer une Pokéball",
    "type": "REWARD",
    "effect": "BALL",
    "ballName": "Pokeball"
  },
  {
    "name": "Superball",
    "description": "Utilise cette commande pour lancer une super ball.",
    "type": "REWARD",
    "effect": "BALL",
    "ballName": "Superball"
  },
  {
    "name": "Hyperball",
    "description": "Utilise cette commande pour lancer une super ball.",
    "type": "REWARD",
    "effect": "BALL",
    "ballName": "Hyperball"
  },
  {
    "name": "Masterball",
    "description": "Utilise cette commande pour lancer une masterball.",
    "type": "REWARD",
    "effect": "BALL",
    "ballName": "Masterball"
  },
  {
    "name": "Reward Export Dex",
    "description": "Récompense permettant d'exporter le Pokédex.",
    "type": "COMMAND",
    "effect": "EXPORTDEX",
    "ballName": null
  },
  {
    "name": "Stats Command",
    "description": "Commande pour obtenir des statistiques.",
    "type": "COMMAND",
    "effect": "STATS",
    "ballName": null
  },
  {
    "name": "Dex Ball",
    "description": "Utilise cette commande pour lancer une super ball.",
    "type": "REWARD",
    "effect": "BALL",
    "ballName": "Dex Ball"
  }
]