[
  {
    "Data": {
      "dataFilePath": "./database.sqlite"
    },
    "Pseudo": "_history",
    "Platform": "system",
    "Code_user": null,
    "Stats": {
      "dexCount": 0,
      "shinydex": 0,
      "ballLaunched": 0,
      "moneySpent": 0,
      "pokeCaught": 0,
      "normalCaught": 0,
      "shinyCaught": 0,
      "favoritePoke": null,
      "firstCatch": "2025-02-19T18:31:11.4388884+01:00",
      "catchratePercentage": -2147483648,
      "personalshinyRate": -2147483648,
      "giveawayNormal": 0,
      "giveawayShiny": 0,
      "badges": null,
      "scrappedShiny": 0,
      "scrappedNormal": 0,
      "level": 0,
      "MaxXPLevel": 0,
      "totalXP": 0,
      "currentXP": 0,
      "achievementCount": 0,
      "currentAchievementCount": 0,
      "LengendariesRegistered": 0,
      "CustomRegistered": 0,
      "CustomMoney": 0,
      "TradeCount": 0,
      "RaidCount": 0,
      "RaidTotalDmg": 0
    }
  },
  {
    "Data": {
      "dataFilePath": "./database.sqlite"
    },
    "Pseudo": "SawanCyberpotes",
    "Platform": "twitch",
    "Code_user": "578820898",
    "Stats": {
      "dexCount": 21,
      "shinydex": 6,
      "ballLaunched": 41,
      "moneySpent": 8850,
      "pokeCaught": 48,
      "normalCaught": 31,
      "shinyCaught": 17,
      "favoritePoke": "Bulbizarre",
      "firstCatch": "2024-12-08T18:42:56.0236908",
      "catchratePercentage": 1,
      "personalshinyRate": 3,
      "giveawayNormal": 0,
      "giveawayShiny": 0,
      "badges": null,
      "scrappedShiny": 10,
      "scrappedNormal": 15,
      "level": 0,
      "MaxXPLevel": 0,
      "totalXP": 0,
      "currentXP": 0,
      "achievementCount": 0,
      "currentAchievementCount": 0,
      "LengendariesRegistered": 0,
      "CustomRegistered": 0,
      "CustomMoney": 115,
      "TradeCount": 0,
      "RaidCount": 0,
      "RaidTotalDmg": 0
    }
  },
  {
    "Data": {
      "dataFilePath": "./database.sqlite"
    },
    "Pseudo": "MythMega",
    "Platform": "twitch",
    "Code_user": "157090915",
    "Stats": {
      "dexCount": 60,
      "shinydex": 27,
      "ballLaunched": 254,
      "moneySpent": 44375,
      "pokeCaught": 194,
      "normalCaught": 161,
      "shinyCaught": 33,
      "favoritePoke": "Rattata",
      "firstCatch": "2024-12-09T13:51:12.923548",
      "catchratePercentage": 1,
      "personalshinyRate": 6,
      "giveawayNormal": 0,
      "giveawayShiny": 0,
      "badges": null,
      "scrappedShiny": 0,
      "scrappedNormal": 0,
      "level": 0,
      "MaxXPLevel": 0,
      "totalXP": 0,
      "currentXP": 0,
      "achievementCount": 0,
      "currentAchievementCount": 0,
      "LengendariesRegistered": 0,
      "CustomRegistered": 0,
      "CustomMoney": 8995,
      "TradeCount": 0,
      "RaidCount": 0,
      "RaidTotalDmg": 0
    }
  }
]