[
  {
    "Name_FR": "Ossatueur d'Alola",
    "Name_EN": "Alolan Marowak",
    "Sprite_Normal": "https://img.pokemondb.net/sprites/home/normal/marowak-alolan.png",
    "Sprite_Shiny": "https://img.pokemondb.net/sprites/home/shiny/marowak-alolan.png",
    "isLock": false,
    "enabled": true,
    "Type1": "ghost",
    "Type2": "fairy"
  },
  {
    "Name_FR": "Pikachu Surfeur",
    "Name_EN": "Surfer Pikachu",
    "Sprite_Normal": "https://i.ibb.co/8dfjn4V/surf-0.png",
    "Sprite_Shiny": "https://i.ibb.co/Y7L6mPK/surf-1.png",
    "isLock": false,
    "enabled": true,
    "Type1": "electric",
    "Type2": "water"
  },
  {
    "Name_FR": "Fantôme mère d'Osselait",
    "Name_EN": "Cubone mom ghost",
    "Sprite_Normal": "https://i.ibb.co/CvwFb7k/Cubone-Mom-normal.png",
    "Sprite_Shiny": "https://i.ibb.co/bK10HpL/Cubone-Mom-shiny.png",
    "isLock": false,
    "enabled": true,
    "Type1": "electric",
    "Type2": "water"
  },
  {
    "Name_FR": "Onyx de crystal",
    "Name_EN": "Crystal Onyx",
    "Sprite_Normal": "https://i.ibb.co/VpnjJkg/Onix-cystal-normal.gif",
    "Sprite_Shiny": "https://i.ibb.co/zRz2Q2d/Onix-cystal-shiny.gif",
    "isLock": false,
    "enabled": true,
    "Type1": "rock",
    "Type2": "ice"
  },
  {
    "Name_FR": "Munja bonbon Violette",
    "Name_EN": "Shedinja Violet Candy",
    "Sprite_Normal": "https://i.ibb.co/HHXtvFL/shedinja.gif",
    "Sprite_Shiny": "https://i.ibb.co/yFdh3Sh/shedinja.gif",
    "isLock": false,
    "enabled": true,
    "Type1": "ghost",
    "Type2": "fairy"
  },
  {
    "Name_FR": "Chenipan de guimauve",
    "Name_EN": "Marshmallow Caterpie",
    "Sprite_Normal": "https://raw.githubusercontent.com/MythMega/PkServData/refs/heads/master/img/sprite/poke/custom/marshmallow/marshmallow_caterpie_normal.gif",
    "Sprite_Shiny": "https://raw.githubusercontent.com/MythMega/PkServData/refs/heads/master/img/sprite/poke/custom/marshmallow/marshmallow_caterpie_shiny.gif",
    "isLock": true,
    "enabled": true,
    "Type1": "bug",
    "Type2": "fairy"
  },
  {
    "Name_FR": "Évoli de guimauve",
    "Name_EN": "Marshmallow Eevee",
    "Sprite_Normal": "https://raw.githubusercontent.com/MythMega/PkServData/refs/heads/master/img/sprite/poke/custom/marshmallow/marshmallow_eevee_normal.gif",
    "Sprite_Shiny": "https://raw.githubusercontent.com/MythMega/PkServData/refs/heads/master/img/sprite/poke/custom/marshmallow/marshmallow_eevee_shiny.gif",
    "isLock": true,
    "enabled": true,
    "Type1": "normal",
    "Type2": "fairy"
  },
  {
    "Name_FR": "Canarticho de guimauve",
    "Name_EN": "Marshmallow Farfetch'd",
    "Sprite_Normal": "https://raw.githubusercontent.com/MythMega/PkServData/refs/heads/master/img/sprite/poke/custom/marshmallow/marshmallow_farfetchd_normal.gif",
    "Sprite_Shiny": "https://raw.githubusercontent.com/MythMega/PkServData/refs/heads/master/img/sprite/poke/custom/marshmallow/marshmallow_farfetchd_shiny.gif",
    "isLock": true,
    "enabled": true,
    "Type1": "flying",
    "Type2": "fairy"
  },
  {
    "Name_FR": "Machoc de guimauve",
    "Name_EN": "Marshmallow Machop",
    "Sprite_Normal": "https://raw.githubusercontent.com/MythMega/PkServData/refs/heads/master/img/sprite/poke/custom/marshmallow/marshmallow_machop_normal.gif",
    "Sprite_Shiny": "https://raw.githubusercontent.com/MythMega/PkServData/refs/heads/master/img/sprite/poke/custom/marshmallow/marshmallow_machop_shiny.gif",
    "isLock": true,
    "enabled": true,
    "Type1": "fighting",
    "Type2": "fairy"
  },
  {
    "Name_FR": "Pikachu de guimauve",
    "Name_EN": "Marshmallow Pikachu",
    "Sprite_Normal": "https://raw.githubusercontent.com/MythMega/PkServData/refs/heads/master/img/sprite/poke/custom/marshmallow/marshmallow_pikachu_normal.gif",
    "Sprite_Shiny": "https://raw.githubusercontent.com/MythMega/PkServData/refs/heads/master/img/sprite/poke/custom/marshmallow/marshmallow_pikachu_shiny.gif",
    "isLock": true,
    "enabled": true,
    "Type1": "electric",
    "Type2": "fairy"
  },
  {
    "Name_FR": "Magicarpe de guimauve",
    "Name_EN": "Marshmallow Magikarp",
    "Sprite_Normal": "https://raw.githubusercontent.com/MythMega/PkServData/refs/heads/master/img/sprite/poke/custom/marshmallow/marshmallow_magikarp_normal.gif",
    "Sprite_Shiny": "https://raw.githubusercontent.com/MythMega/PkServData/refs/heads/master/img/sprite/poke/custom/marshmallow/marshmallow_magikarp_shiny.gif",
    "isLock": true,
    "enabled": true,
    "Type1": "water",
    "Type2": "fairy"
  },
  {
    "Name_FR": "Miaouss de guimauve",
    "Name_EN": "Marshmallow Meotwh",
    "Sprite_Normal": "https://raw.githubusercontent.com/MythMega/PkServData/refs/heads/master/img/sprite/poke/custom/marshmallow/marshmallow_meotwh_normal.gif",
    "Sprite_Shiny": "https://raw.githubusercontent.com/MythMega/PkServData/refs/heads/master/img/sprite/poke/custom/marshmallow/marshmallow_meotwh_shiny.gif",
    "isLock": true,
    "enabled": true,
    "Type1": "steel",
    "Type2": "fairy"
  },
  {
    "Name_FR": "Ramoloss de guimauve",
    "Name_EN": "Marshmallow Slowpoke",
    "Sprite_Normal": "https://raw.githubusercontent.com/MythMega/PkServData/refs/heads/master/img/sprite/poke/custom/marshmallow/marshmallow_slowpoke_normal.gif",
    "Sprite_Shiny": "https://raw.githubusercontent.com/MythMega/PkServData/refs/heads/master/img/sprite/poke/custom/marshmallow/marshmallow_slowpoke_shiny.gif",
    "isLock": true,
    "enabled": true,
    "Type1": "ghost",
    "Type2": "fairy"
  },
  {
    "Name_FR": "Psykokwak de guimauve",
    "Name_EN": "Marshmallow Psyduck",
    "Sprite_Normal": "https://raw.githubusercontent.com/MythMega/PkServData/refs/heads/master/img/sprite/poke/custom/marshmallow/marshmallow_psyduck_normal.gif",
    "Sprite_Shiny": "https://raw.githubusercontent.com/MythMega/PkServData/refs/heads/master/img/sprite/poke/custom/marshmallow/marshmallow_psyduck_shiny.gif",
    "isLock": true,
    "enabled": true,
    "Type1": "psychic",
    "Type2": "fairy"
  },
  {
    "Name_FR": "Caninos de guimauve",
    "Name_EN": "Marshmallow Growlithe",
    "Sprite_Normal": "https://raw.githubusercontent.com/MythMega/PkServData/refs/heads/master/img/sprite/poke/custom/marshmallow/marshmallow_growlithe_normal.gif",
    "Sprite_Shiny": "https://raw.githubusercontent.com/MythMega/PkServData/refs/heads/master/img/sprite/poke/custom/marshmallow/marshmallow_growlithe_shiny.gif",
    "isLock": true,
    "enabled": true,
    "Type1": "fire",
    "Type2": "fairy"
  },
  {
    "Name_FR": "Mystherbe de guimauve",
    "Name_EN": "Marshmallow Oddish",
    "Sprite_Normal": "https://raw.githubusercontent.com/MythMega/PkServData/refs/heads/master/img/sprite/poke/custom/marshmallow/marshmallow_oddish_normal.gif",
    "Sprite_Shiny": "https://raw.githubusercontent.com/MythMega/PkServData/refs/heads/master/img/sprite/poke/custom/marshmallow/marshmallow_oddish_shiny.gif",
    "isLock": true,
    "enabled": true,
    "Type1": "grass",
    "Type2": "fairy"
  },
  {
    "Name_FR": "Tentacool de guimauve",
    "Name_EN": "Marshmallow Tentacool",
    "Sprite_Normal": "https://raw.githubusercontent.com/MythMega/PkServData/refs/heads/master/img/sprite/poke/custom/marshmallow/marshmallow_tentacool_normal.gif",
    "Sprite_Shiny": "https://raw.githubusercontent.com/MythMega/PkServData/refs/heads/master/img/sprite/poke/custom/marshmallow/marshmallow_tentacool_shiny.gif",
    "isLock": true,
    "enabled": true,
    "Type1": "poison",
    "Type2": "fairy"
  },
  {
    "Name_FR": "Carpe-et-Dième",
    "Name_EN": "Magicarpe-Mélofée",
    "Sprite_Normal": "https://i.ibb.co/8xx3RyP/Carpe-et-di-me.gif",
    "Sprite_Shiny": "https://i.ibb.co/KqZpWd5/Carpe-et-di-me-normal.gif",
    "isLock": false,
    "enabled": true,
    "Type1": "water",
    "Type2": "fairy"
  },
  {
    "Name_FR": "Maxence-Radiateur",
    "Name_EN": "Sabelette-Floravol",
    "Sprite_Normal": "https://i.ibb.co/yP3sPPn/Maxence-Radiateur-normal.gif",
    "Sprite_Shiny": "https://i.ibb.co/RQj9qWv/Maxence-Radiateur-shiny.gif",
    "isLock": false,
    "enabled": true,
    "Type1": "ground",
    "Type2": "flying"
  },
  {
    "Name_FR": "Patrik-Sismik",
    "Name_EN": "Axoloto-Chartor",
    "Sprite_Normal": "https://i.ibb.co/PhvJHzn/Normal.png",
    "Sprite_Shiny": "https://i.ibb.co/Sxhg4m0/shiny.png",
    "isLock": false,
    "enabled": true,
    "Type1": "water",
    "Type2": "fire"
  },
  {
    "Name_FR": "Patrik-Tektonik",
    "Name_EN": "Maraiste-Chartor",
    "Sprite_Normal": "https://i.ibb.co/0F0JpkD/Normal-evolved.png",
    "Sprite_Shiny": "https://i.ibb.co/D5Lm17V/Shiny-evolved.png",
    "isLock": false,
    "enabled": true,
    "Type1": "water",
    "Type2": "fire"
  },
  {
    "Name_FR": "Clément-Poilu",
    "Name_EN": "Lixy-Caninos",
    "Sprite_Normal" : "https://i.ibb.co/nqLcrywy/388-58.png",
    "Sprite_Shiny": "https://i.ibb.co/Zp4BJvjz/388-58-shiny.png",
    "isLock": false,
    "enabled":true,
    "Type1": "electric",
    "Type2": "fire"
  },
  {
    "Name_FR": "Clément-Velu",
    "Name_EN": "Luxio-Caninos",
    "Sprite_Normal" : "https://i.ibb.co/qMwyrx1S/clement-velu.gif",
    "Sprite_Shiny": "https://i.ibb.co/kgT7FT2X/clement-velu-shiny.gif",
    "isLock": false,
    "enabled":true,
    "Type1": "electric",
    "Type2": "fire"
  },
  {
    "Name_FR": "Clément-Barbu",
    "Name_EN": "Luxray-Caninos",
    "Sprite_Normal" : "https://i.ibb.co/zW5CwQnt/clement-barbu.gif",
    "Sprite_Shiny": "https://i.ibb.co/gFTm00T8/clement-barbu-shiny.gif",
    "isLock": false,
    "enabled":true,
    "Type1": "electric",
    "Type2": "fire"
  },
  {
    "Name_FR": "Michelle-Plumes",
    "Name_EN": "Pikachu-Roucool",
    "Sprite_Normal" : "https://i.ibb.co/YT15LRnn/michelle-plume.png",
    "Sprite_Shiny": "https://i.ibb.co/DfvD8c9K/michelle-plume-s.png",
    "isLock": false,
    "enabled":true,
    "Type1": "electric",
    "Type2": "flying"
  },
  {
    "Name_FR": "Michelle-Voile",
    "Name_EN": "Pikachu-Roucoups",
    "Sprite_Normal" : "https://i.ibb.co/hRtkbTTw/michel-voile.png",
    "Sprite_Shiny": "https://i.ibb.co/0yC846my/michel-voile-s.png",
    "isLock": false,
    "enabled":true,
    "Type1": "electric",
    "Type2": "flying"
  },
  {
    "Name_FR": "Michelle-Ailes",
    "Name_EN": "Pikachu-Roucournage",
    "Sprite_Normal" : "https://i.ibb.co/bRrpgMjN/michel-ailes.png",
    "Sprite_Shiny": "https://i.ibb.co/bRmSZ8Ly/michel-ailes-s.png",
    "isLock": false,
    "enabled":true,
    "Type1": "electric",
    "Type2": "flying"
  },
  {
    "Name_FR": "Michelle-Mach5",
    "Name_EN": "Raichu-Roucournage",
    "Sprite_Normal" : "https://i.ibb.co/KxcB9qZs/michelle-mach5.png",
    "Sprite_Shiny": "https://i.ibb.co/TDyFybv5/michelle-mach5-s.png",
    "isLock": false,
    "enabled":true,
    "Type1": "electric",
    "Type2": "flying"
  },
  {
    "Name_FR": "Fear-Spook",
    "Name_EN": "Fantominus-Abra",
    "Sprite_Normal" : "https://i.ibb.co/Fb1fYpdV/Fear-Spook.png",
    "Sprite_Shiny": "https://i.ibb.co/Fb1fYpdV/Fear-Spook.png",
    "isLock": false,
    "enabled":true,
    "Type1": "ghost",
    "Type2": "psychic"
  },
  {
    "Name_FR": "Fear-Phantom",
    "Name_EN": "Fantominus-Kadabra",
    "Sprite_Normal" : "https://i.ibb.co/Lhg3Y8nV/Fear-Phantom.png",
    "Sprite_Shiny": "https://i.ibb.co/chk0j1C6/Fear-Phantom-s.png",
    "isLock": false,
    "enabled": true,
    "Type1": "ghost",
    "Type2": "psychic"
  },
  {
    "Name_FR": "Fear-Apparition",
    "Name_EN": "Spectrum-Kadabra",
    "Sprite_Normal" : "https://i.ibb.co/fGN22TpF/Fear-Apparition.png",
    "Sprite_Shiny": "https://i.ibb.co/4gF5vwrf/Fear-Apparition-s.png",
    "isLock": false,
    "enabled": true,
    "Type1": "ghost",
    "Type2": "psychic"
  },
  {
    "Name_FR": "Fear-Shade",
    "Name_EN": "Ectoplasma-Kadabra",
    "Sprite_Normal" : "https://i.ibb.co/zH65LL2y/Fear-Shade.png",
    "Sprite_Shiny": "https://i.ibb.co/992rPQNj/Fear-Shade-s.png",
    "isLock": false,
    "enabled": true,
    "Type1": "ghost",
    "Type2": "psychic"
  },
  {
    "Name_FR": "Fear-Death",
    "Name_EN": "Ectoplasma-Alakazam",
    "Sprite_Normal" : "https://i.ibb.co/TM2x1Q6H/Fear-Death.png",
    "Sprite_Shiny": "https://i.ibb.co/L2Z37h0/Fear-Death-s.png",
    "isLock": false,
    "enabled": true,
    "Type1": "ghost",
    "Type2": "psychic"
  },
  {
    "Name_FR": "Vespeol",
    "Name_EN": "Absol-Noctali",
    "Sprite_Normal" : "https://i.ibb.co/6RXhSF53/Vespeol.png",
    "Sprite_Shiny": "https://i.ibb.co/k6cNXgpD/Vespeol-s.png",
    "isLock": true,
    "enabled": true,
    "isLegendary": true,
    "Type1": "dark",
    "priceNormal": 250,
    "priceShiny": 750
  },
  {
    "Name_FR": "Aubeon",
    "Name_EN": "Absol-Noctali",
    "Sprite_Normal" : "https://i.ibb.co/LdsfzBZ9/Aubeon.png",
    "Sprite_Shiny": "https://i.ibb.co/6RbGLGLx/Aubeon-s.png",
    "isLock": true,
    "enabled": true,
    "isLegendary": true,
    "Type1": "dark",
    "priceNormal": 250,
    "priceShiny": 750
  }  
]