[
  {
    "Data": {
      "dataFilePath": "./database.sqlite"
    },
    "Pseudo": "_history",
    "Platform": "system",
    "Code_user": null,
    "Stats": {
      "dexCount": 78,
      "shinydex": 72,
      "ballLaunched": 0,
      "moneySpent": 0,
      "pokeCaught": 151,
      "normalCaught": 54,
      "shinyCaught": 97,
      "favoritePoke": "Evoli",
      "firstCatch": "2024-11-06T19:44:14.349387",
      "catchratePercentage": -2147483648,
      "personalshinyRate": 2,
      "giveawayNormal": 53,
      "giveawayShiny": 96,
      "badges": null,
      "scrappedShiny": 0,
      "scrappedNormal": 0,
      "level": 0,
      "MaxXPLevel": 0,
      "totalXP": 0,
      "currentXP": 0,
      "achievementCount": 0,
      "currentAchievementCount": 0,
      "LengendariesRegistered": 0,
      "CustomRegistered": 0,
      "CustomMoney": 0,
      "TradeCount": 0,
      "RaidCount": 0,
      "RaidTotalDmg": 0
    }
  }
]